<?xml version="1.0" encoding="iso-8859-1"?><SUF70UninstallData>
<DataFilePath>F:\vpn\Uninstall\uninstall.dat</DataFilePath>
<CPRegKey>SOFTWARE\Microsoft\Windows\CurrentVersion\Uninstall\KUTO VPNV0.0.28</CPRegKey>
<EXELocation>F:\vpn\uninstall.exe</EXELocation>
<AppShortcutFolderPath>C:\Users\zwy\AppData\Roaming\Microsoft\Windows\Start Menu\Programs\KUTO VPN</AppShortcutFolderPath>
<UninstallReverseOrder>1</UninstallReverseOrder>
<UninstallFiles>
<File>
<Filename>F:\vpn\kutovpn.exe</Filename>
<DecrementUsageCount>0</DecrementUsageCount>
<UnregisterCOM>0</UnregisterCOM>
<UnregisterFont>0</UnregisterFont>
<FontDesc/>
<BackupFile/>
</File>
<File>
<Filename>F:\vpn\driver\OemVista.inf</Filename>
<DecrementUsageCount>0</DecrementUsageCount>
<UnregisterCOM>0</UnregisterCOM>
<UnregisterFont>0</UnregisterFont>
<FontDesc/>
<BackupFile/>
</File>
<File>
<Filename>F:\vpn\driver\tap0901.cat</Filename>
<DecrementUsageCount>0</DecrementUsageCount>
<UnregisterCOM>0</UnregisterCOM>
<UnregisterFont>0</UnregisterFont>
<FontDesc/>
<BackupFile/>
</File>
<File>
<Filename>F:\vpn\driver\tap0901.sys</Filename>
<DecrementUsageCount>0</DecrementUsageCount>
<UnregisterCOM>0</UnregisterCOM>
<UnregisterFont>0</UnregisterFont>
<FontDesc/>
<BackupFile/>
</File>
<File>
<Filename>F:\vpn\driver\tapinstall.exe</Filename>
<DecrementUsageCount>0</DecrementUsageCount>
<UnregisterCOM>0</UnregisterCOM>
<UnregisterFont>0</UnregisterFont>
<FontDesc/>
<BackupFile/>
</File>
<File>
<Filename>F:\vpn\module\Server.exe</Filename>
<DecrementUsageCount>0</DecrementUsageCount>
<UnregisterCOM>0</UnregisterCOM>
<UnregisterFont>0</UnregisterFont>
<FontDesc/>
<BackupFile/>
</File>
<File>
<Filename>F:\vpn\module\ServerKP.exe</Filename>
<DecrementUsageCount>0</DecrementUsageCount>
<UnregisterCOM>0</UnregisterCOM>
<UnregisterFont>0</UnregisterFont>
<FontDesc/>
<BackupFile/>
</File>
<File>
<Filename>F:\vpn\module\ServerOS.exe</Filename>
<DecrementUsageCount>0</DecrementUsageCount>
<UnregisterCOM>0</UnregisterCOM>
<UnregisterFont>0</UnregisterFont>
<FontDesc/>
<BackupFile/>
</File>
<File>
<Filename>F:\vpn\module\ServerV.exe</Filename>
<DecrementUsageCount>0</DecrementUsageCount>
<UnregisterCOM>0</UnregisterCOM>
<UnregisterFont>0</UnregisterFont>
<FontDesc/>
<BackupFile/>
</File>
<File>
<Filename>F:\vpn\module\Updater.exe</Filename>
<DecrementUsageCount>0</DecrementUsageCount>
<UnregisterCOM>0</UnregisterCOM>
<UnregisterFont>0</UnregisterFont>
<FontDesc/>
<BackupFile/>
</File>
<File>
<Filename>F:\vpn\module\Host.exe</Filename>
<DecrementUsageCount>0</DecrementUsageCount>
<UnregisterCOM>0</UnregisterCOM>
<UnregisterFont>0</UnregisterFont>
<FontDesc/>
<BackupFile/>
</File>
</UninstallFiles>
<UninstallShortcuts>
<Filename>C:\Users\zwy\Desktop\KUTO VPN.lnk</Filename>
<Filename>C:\Users\zwy\AppData\Roaming\Microsoft\Windows\Start Menu\Programs\KUTO VPN\KUTO VPN.lnk</Filename>
<Filename>C:\Users\zwy\AppData\Roaming\Microsoft\Windows\Start Menu\Programs\KUTO VPN\Uninstall KUTO VPN.lnk</Filename>
</UninstallShortcuts>
<UninstallSupportFiles>
<Filename>F:\vpn\Uninstall\IRIMG1.JPG</Filename>
<Filename>F:\vpn\Uninstall\IRIMG2.JPG</Filename>
</UninstallSupportFiles>
<UninstallFolders>
<FolderPath>F:\vpn\Uninstall</FolderPath>
<FolderPath>F:\vpn\driver</FolderPath>
<FolderPath>F:\vpn\module</FolderPath>
<FolderPath>C:\Users\zwy\AppData\Roaming\Microsoft\Windows\Start Menu\Programs\KUTO VPN</FolderPath>
</UninstallFolders>
<SessionVars>
<Var>
<Name>%ProductName%</Name>
<Value>KUTO VPN</Value>
</Var>
<Var>
<Name>%CompanyName%</Name>
<Value>KUTO GROUP LIMITED</Value>
</Var>
<Var>
<Name>%ProductVer%</Name>
<Value>V0.0.28</Value>
</Var>
<Var>
<Name>%Copyright%</Name>
<Value>Copyright 2021 %CompanyName%</Value>
</Var>
<Var>
<Name>%CompanyURL%</Name>
<Value>https://www.kutogroup.com</Value>
</Var>
<Var>
<Name>%WindowTitle%</Name>
<Value>%ProductName% Setup</Value>
</Var>
<Var>
<Name>%WindowTitleUninstall%</Name>
<Value>%ProductName% Uninstaller</Value>
</Var>
<Var>
<Name>%AppFolder%</Name>
<Value>F:\vpn</Value>
</Var>
<Var>
<Name>%AppShortcutFolderName%</Name>
<Value>KUTO VPN</Value>
</Var>
<Var>
<Name>%ApplicationDataFolder%</Name>
<Value>C:\Users\zwy\AppData\Roaming</Value>
</Var>
<Var>
<Name>%ApplicationDataFolderCommon%</Name>
<Value>C:\ProgramData</Value>
</Var>
<Var>
<Name>%DesktopFolder%</Name>
<Value>C:\Users\zwy\Desktop</Value>
</Var>
<Var>
<Name>%DesktopFolderCommon%</Name>
<Value>C:\Users\Public\Desktop</Value>
</Var>
<Var>
<Name>%FontsFolder%</Name>
<Value>C:\Windows\Fonts</Value>
</Var>
<Var>
<Name>%MyDocumentsFolder%</Name>
<Value>C:\Users\zwy\Documents</Value>
</Var>
<Var>
<Name>%StartFolder%</Name>
<Value>C:\Users\zwy\AppData\Roaming\Microsoft\Windows\Start Menu</Value>
</Var>
<Var>
<Name>%StartFolderCommon%</Name>
<Value>C:\ProgramData\Microsoft\Windows\Start Menu</Value>
</Var>
<Var>
<Name>%StartProgramsFolder%</Name>
<Value>C:\Users\zwy\AppData\Roaming\Microsoft\Windows\Start Menu\Programs</Value>
</Var>
<Var>
<Name>%StartProgramsFolderCommon%</Name>
<Value>C:\ProgramData\Microsoft\Windows\Start Menu\Programs</Value>
</Var>
<Var>
<Name>%StartupFolder%</Name>
<Value>C:\Users\zwy\AppData\Roaming\Microsoft\Windows\Start Menu\Programs\Startup</Value>
</Var>
<Var>
<Name>%StartupFolderCommon%</Name>
<Value>C:\ProgramData\Microsoft\Windows\Start Menu\Programs\StartUp</Value>
</Var>
<Var>
<Name>%CommonDocumentsFolder%</Name>
<Value>C:\Users\Public\Documents</Value>
</Var>
<Var>
<Name>%MyMusicFolder%</Name>
<Value>C:\Users\zwy\Music</Value>
</Var>
<Var>
<Name>%MyMusicFolderCommon%</Name>
<Value>C:\Users\Public\Music</Value>
</Var>
<Var>
<Name>%MyPicturesFolder%</Name>
<Value>C:\Users\zwy\Pictures</Value>
</Var>
<Var>
<Name>%MyPicturesFolderCommon%</Name>
<Value>C:\Users\Public\Pictures</Value>
</Var>
<Var>
<Name>%MyVideosFolder%</Name>
<Value>C:\Users\zwy\Videos</Value>
</Var>
<Var>
<Name>%MyVideosFolderCommon%</Name>
<Value>C:\Users\Public\Videos</Value>
</Var>
<Var>
<Name>%ProgramFilesFolder64%</Name>
<Value>C:\Program Files</Value>
</Var>
<Var>
<Name>%CommonFilesFolder64%</Name>
<Value>C:\Program Files\Common Files</Value>
</Var>
<Var>
<Name>%ProgramFilesFolder%</Name>
<Value>C:\Program Files</Value>
</Var>
<Var>
<Name>%CommonFilesFolder%</Name>
<Value>C:\Program Files\Common Files</Value>
</Var>
<Var>
<Name>%SystemFolder%</Name>
<Value>C:\Windows\system32</Value>
</Var>
<Var>
<Name>%WindowsFolder%</Name>
<Value>C:\Windows</Value>
</Var>
<Var>
<Name>%SystemDrive%</Name>
<Value>C:</Value>
</Var>
<Var>
<Name>%TempFolder%</Name>
<Value>C:\Users\zwy\AppData\Local\Temp</Value>
</Var>
<Var>
<Name>%TempLaunchFolder%</Name>
<Value>C:\Users\zwy\AppData\Local\Temp\_ir_sf_temp_0</Value>
</Var>
<Var>
<Name>%RegOwner%</Name>
<Value>zwy</Value>
</Var>
<Var>
<Name>%RegOrganization%</Name>
<Value></Value>
</Var>
<Var>
<Name>%AppDrive%</Name>
<Value>F:</Value>
</Var>
<Var>
<Name>%DAOPath%</Name>
<Value>C:\Program Files\Common Files\Microsoft Shared\DAO</Value>
</Var>
<Var>
<Name>%LaunchUserName%</Name>
<Value>zwy</Value>
</Var>
<Var>
<Name>%LaunchUserDomain%</Name>
<Value>DESKTOP-LD8O4GF</Value>
</Var>
<Var>
<Name>%LaunchUserApplicationDataFolder%</Name>
<Value>C:\Users\zwy\AppData\Roaming</Value>
</Var>
<Var>
<Name>%LaunchUserDesktopFolder%</Name>
<Value>C:\Users\zwy\Desktop</Value>
</Var>
<Var>
<Name>%LaunchUserMyDocumentsFolder%</Name>
<Value>C:\Users\zwy\Documents</Value>
</Var>
<Var>
<Name>%LaunchUserStartProgramsFolder%</Name>
<Value>C:\Users\zwy\AppData\Roaming\Microsoft\Windows\Start Menu\Programs</Value>
</Var>
<Var>
<Name>%LaunchUserStartFolder%</Name>
<Value>C:\Users\zwy\AppData\Roaming\Microsoft\Windows\Start Menu</Value>
</Var>
<Var>
<Name>%LaunchUserStartupFolder%</Name>
<Value>C:\Users\zwy\AppData\Roaming\Microsoft\Windows\Start Menu\Programs\Startup</Value>
</Var>
<Var>
<Name>%LaunchUserMyMusicFolder%</Name>
<Value>C:\Users\zwy\Music</Value>
</Var>
<Var>
<Name>%LaunchUserMyPicturesFolder%</Name>
<Value>C:\Users\zwy\Pictures</Value>
</Var>
<Var>
<Name>%LaunchUserMyVideosFolder%</Name>
<Value>C:\Users\zwy\Videos</Value>
</Var>
<Var>
<Name>%SourceFilename%</Name>
<Value>F:\vpn\setup_0.0.28.exe</Value>
</Var>
<Var>
<Name>%SourceFolder%</Name>
<Value>F:\vpn</Value>
</Var>
<Var>
<Name>%SourceDrive%</Name>
<Value>F:</Value>
</Var>
<Var>
<Name>%SpaceAvailable%</Name>
<Value>401.11 GB</Value>
</Var>
<Var>
<Name>%SpaceRequired%</Name>
<Value>21.9 MB</Value>
</Var>
</SessionVars>
</SUF70UninstallData>
